Item,Style code,SKU,Net wt (g),Box L,Box W,Box H,MRP,Barcode,Options
Rangpur Half-Silk Saree,RSH-HALFSILK,RSH-HALFSILK-MAROON,520,32,24,7,3200,8901234500011,colour=Maroon
Rangpur Half-Silk Saree,RSH-HALFSILK,RSH-HALFSILK-TEAL,520,32,24,7,3200,8901234500028,colour=Teal
Rangpur Half-Silk Saree,RSH-HALFSILK,RSH-HALFSILK-GOLD,520,32,24,7,3400,8901234500035,colour=Gold
Tangail Cotton Saree,RSH-TANGAIL,RSH-TANGAIL-WHITE,410,30,22,6,1900,8901234500042,colour=White
Tangail Cotton Saree,RSH-TANGAIL,RSH-TANGAIL-INDIGO,410,30,22,6,1900,8901234500059,colour=Indigo
Monipuri Shawl,RSH-MONIPURI,RSH-MONIPURI-RUST,300,28,20,5,1450,8901234500066,colour=Rust
Monipuri Shawl,RSH-MONIPURI,RSH-MONIPURI-OLIVE,300,28,20,5,1450,8901234500073,colour=Olive
Endi Silk Stole,RSH-ENDI,RSH-ENDI-CREAM,180,24,18,4,1150,8901234500080,colour=Cream
Endi Silk Stole,RSH-ENDI,RSH-ENDI-CHARCOAL,180,24,18,4,1150,8901234500097,colour=Charcoal
Katan Silk Panjabi,RSH-KATAN,RSH-KATAN-NAVY-M,340,30,24,6,2600,8901234500103,colour=Navy;size=M
Katan Silk Panjabi,RSH-KATAN,RSH-KATAN-NAVY-L,360,30,24,6,2600,8901234500110,colour=Navy;size=L
Katan Silk Panjabi,RSH-KATAN,RSH-KATAN-BLACK-M,340,30,24,6,2600,8901234500127,colour=Black;size=M
